0.002	start
0.958	premium_character_octopus
2.061	premium_character_crab
3.117	premium_character_bear
4.222	premium_character_fox
5.274	premium_character_frog
6.327	premium_character_penguin
7.413	premium_character_bunny
8.472	premium_character_dog
9.553	premium_character_lion
10.658	premium_character_elephant
11.326	premium_language_picker_open_top
11.782	premium_language_scroll_arabic
13.994	premium_language_arabic
15.326	premium_sheet_closed
16.389	premium_sheet_reopened
17.839	premium_language_picker_open_arabic
18.315	premium_language_scroll_english
19.560	premium_language_english
20.743	premium_loop_complete
